accession,gene_name,index
XP_011237895.1,Ndrg3,1
XP_006502282.1,Mindy1,2
NP_084148.1,Hnrnpa0,3
XP_017170110.1,Dst,4
NP_067361.2,Cldn10,5
XP_006507232.1,Numa1,6
XP_006512602.1,Fyn,7
XP_006518959.1,Ccar2,8
XP_006529197.1,NA,9
NP_034537.2; XP_006499126.1,Hck,10
XP_006517472.1,Tppp,11
XP_006510957.1; XP_006507657.1,Picalm,12
NP_620084.2,Mthfd1,13
XP_006505686.1,Itpr1,14
XP_006523719.1,Flot1,15
XP_006532254.3,NA,16
XP_006533878.1,Cdc42ep4,17
NP_031816.2,Smc3,18
XP_006505170.1,Cadps2,19
NP_659097.2; NP_001157012.1,Eppk1,20
XP_017167769.1,NA,21
XP_006514123.1,1500009L16Rik,22
NP_149065.2,Tars,23
XP_017171620.1,Myef2,24
NP_032826.1,Pde1b,25
NP_059075.1,Tuba8,26
NP_001334640.1,Syne1,27
XP_006524420.1,Strn,28
NP_705728.1,Clstn3,29
XP_006512612.1,Grm1,30
XP_006511903.1,NA,31
XP_006512023.1; XP_006512018.1,Map4,32
XP_006529385.1,Syt2,33
NP_080749.2,Tubb6,34
XP_006528144.1,Atp2b3,35
XP_011238469.2,Erich6,36
NP_035534.2,Slc7a5,37
XP_006506653.1,Nup205,38
XP_006497290.1,NA,39
NP_113582.1,Srrt,40
NP_536344.1,Igsf8,41
NP_598768.1,Cisd1,42
NP_080971.2,Etfb,43
XP_006538628.1,NA,44
XP_006509106.1,Slc20a2,45
XP_006513487.1,Slc1a6,46
XP_006521570.1,Oplah,47
XP_006515597.1; NP_001192163.1,Nrxn2,48
XP_006507331.1,NA,49
NP_663392.2,Rnpep,50
NP_032191.2,Gria1,51
XP_006512023.1,Map4,52
NP_598430.1,Rp2,53
NP_001028308.1,Rmdn3,54
XP_011239469.1; XP_011239463.1,Atp2b2,55
XP_006509052.1,Ank1,56
NP_062600.2,Cbln1,57
XP_006527830.1,Dmd,58
NP_444354.2,Smarca5,59
XP_006510991.1,Unc13c,60
NP_058572.2,Eif3g,61
XP_006502758.1,NA,62
NP_659180.1,Nae1,63
XP_017175466.1; XP_006504616.1,Gnb1,64
NP_031598.2,C1qa,65
XP_006511497.1,Tln2,66
XP_006501835.1,NA,67
XP_006507125.1,NA,68
NP_796111.2,Gnal,69
XP_006530163.1,NA,70
NP_035909.2,Coro1c,71
XP_006527543.1,Cnnm1,72
XP_006515077.1; NP_032950.1,Prkar2a,73
NP_032953.1; NP_075627.2,Map2k1,74
NP_032009.2,Faf1,75
NP_001157571.1,Add3,76
XP_006511115.1,Plscr1,77
NP_001012305.1,Slc39a12,78
NP_033832.2,Aqr,79
XP_006513298.1,Gnaz,80
NP_849251.1,Mal2,81
NP_034617.1; XP_006502856.1,Elavl3,82
XP_006527432.1,NA,83
XP_011240895.1,Slc44a2,84
XP_017175609.1,NA,85
NP_035375.1,Rasgrf1,86
NP_035718.2,Trim28,87
XP_006518985.1,Vcl,88
XP_011239945.1,Grm5,89
XP_006507586.1,Pde2a,90
XP_006533785.1; XP_006521627.1,Rbfox3,91
NP_082328.3,Synpr,92
NP_001290195.1,Agfg2,93
XP_006510695.1,Ubash3b,94
XP_006523666.1; XP_006523669.1,NA,95
NP_034468.2,Gpr37,96
XP_006526569.1,Atp9b,97
XP_006539284.1,NA,98
XP_006510498.1,Opcml,99
NP_032109.1,Gap43,100
XP_017175416.1,C1qc,101
NP_064377.2,Aldh9a1,102
NP_001157012.1,Plec,103
XP_006505788.1,Cntn3,104
XP_006500944.1; NP_081406.1; XP_006500948.1; XP_017174914.1,Afg3l2,105
NP_666144.3,Srp68,106
NP_062426.2,Ddx21,107
NP_598416.1,Cd81,108
NP_808383.3; XP_017173425.1,Kctd12,109
XP_006538597.1,Ephb2,110
XP_006513457.1,NA,111
XP_017172339.1,Dgkg,112
NP_001106651.1,NA,113
NP_064362.1; XP_006501041.1,Dclk1,114
XP_006507272.1,Aldoa,115
NP_001186225.1,Acly,116
NP_034544.1,Htt,117
NP_598801.1,Ddx1,118
NP_038755.1,Azi2,119
XP_006524716.1,NA,120
NP_659078.1,Aarsd1,121
NP_663450.3,Cerk,122
NP_035010.3,Ncl,123
NP_032193.1,Grid2,124
XP_017168039.1,NA,125
NP_035796.2,Uba3,126
XP_006500948.1; XP_017174914.1,NA,127
NP_082988.1,Rap2b,128
NP_035944.2,Fxr2,129
XP_006495995.1,Slc39a10,130
NP_951062.1,Ddx17,131
NP_001004365.1,Actr3b,132
XP_011245129.1,NA,133
NP_573505.2,Rbm39,134
NP_034005.2,Cdkn1b,135
NP_083033.1,Nebl,136
XP_017170039.1,NA,137
NP_001004357.2,Cntnap2,138
NP_034879.2,M6pr,139
XP_006508978.1,Kbtbd11,140
NP_001297015.1,Adnp,141
NP_473392.1,Pip4k2b,142
NP_033907.1,C1qb,143
XP_006501121.1,Arhgef2,144
NP_033991.1,Cdc42,145
XP_006503371.1,Dock7,146
NP_941012.1,Igsf21,147
NP_001334088.1,Acot11,148
NP_058025.2,Atp2a3,149
NP_112462.1,Akap12,150
XP_011238417.1,Ak5,151
NP_001160018.1,Hmga1,152
NP_031817.1,Csrp1,153
XP_017173473.1,NA,154
XP_006533939.1; XP_006506892.1,Hnrnpf,155
NP_598568.1,Lrrc59,156
XP_017177363.1,NA,157
NP_001074665.1,Hnrnpul2,158
XP_006499420.1,Ralgapb,159
NP_080122.2,Rras2,160
NP_038201.1,Atp1b2,161
NP_666212.3,Ina,162
NP_796158.2,Vps13c,163
NP_001129532.1,Dpp6,164
XP_006531532.1,Zc3h18,165
NP_084080.1,Hnrnpm,166
NP_034113.1,Ctsd,167
NP_803228.2,Dars,168
XP_011240969.1,NA,169
NP_001103610.1,Atp2a2,170
NP_062684.2,Smc1a,171
NP_034432.1,Gna12,172
XP_006521255.1,Eif3d,173
NP_786926.2,Plxna4,174
NP_001075952.1,Efr3b,175
NP_033830.2,Aqp4,176
NP_035910.1,Adam23,177
NP_001155294.1,Rgs17,178
NP_444408.1,Acsbg1,179
XP_006499126.1,Src,180
NP_666212.3; NP_032717.2,Ina,181
XP_006514662.1; XP_006531767.1,Sptbn1,182
XP_011247871.1,NA,183
XP_011241131.1,Pik3cb,184
NP_001239388.1,Cyfip2,185
NP_001318012.1; XP_006503740.1,Add1,186
XP_006525606.1,Camk4,187
NP_035370.2,Ranbp2,188
XP_017177161.1,NA,189
NP_032474.2; NP_032475.2,Kif5b,190
XP_006515077.1,NA,191
NP_056602.1; NP_064418.1,H1f4,192
XP_006512018.1,Map4,193
NP_081809.2,Tspan2,194
XP_006521151.1,Apol10b,195
NP_038653.1,Pafah1b1,196
NP_001104518.1,Fga,197
NP_001032844.2,Baiap2,198
XP_017175484.1,Cryzl2,199
NP_598410.2,Slc12a6,200
XP_006537654.1,Cnr1,201
XP_006505810.1,Luc7l2,202
XP_006498982.1,Pde1a,203
NP_663531.1,Tardbp,204
XP_006497123.2,NA,205
XP_006529142.1,Adora1,206
NP_001277414.1,Lamp2,207
NP_077725.1,Stx1b,208
NP_035973.1,Esyt1,209
XP_006502918.1,Pde4b,210
XP_006496813.1; XP_006524303.1; NP_001107596.1,Rasal2,211
XP_006538281.1,Toporsl,212
XP_017172628.1,NA,213
NP_848803.3,Ablim1,214
XP_006532499.1,Nf1,215
XP_006535770.1; NP_035977.2; NP_001153355.1,Dnajb6,216
NP_058050.3,Folh1,217
NP_057905.1,Gpc1,218
NP_082182.1,Vwa8,219
XP_006528691.1,Tmsb15a,220
NP_033031.2,Rab7,221
XP_006533939.1,NA,222
NP_033476.1; NP_666228.1; NP_076205.1,Tubb2a,223
NP_032852.2,Pfkl,224
NP_001078964.1,Arfgef2,225
XP_017168172.1,NA,226
XP_006495895.1,Fam126b,227
NP_694752.1,Cadm4,228
XP_006524303.1,Syngap1,229
NP_001171266.1,Rgs20,230
XP_006509742.1,Homer3,231
XP_006507830.1; XP_006532207.1; XP_006521832.1,Dlg2,232
XP_017177481.1,NA,233
NP_035800.2,Uchl1,234
XP_006525979.1; XP_006511147.2,Dmxl1,235
NP_080589.1,Luc7l3,236
XP_006501460.1,Csde1,237
NP_071705.3; NP_112442.2,Hspa5,238
XP_006541566.1,Thoc2,239
XP_006533939.1; NP_001300646.1,Hnrnph2,240
NP_031486.1,Ap3d1,241
NP_031683.1,Cd9,242
XP_011244848.1,Plin4,243
XP_006515388.1,Ttc7b,244
XP_006498846.1,H13,245
XP_006504964.1,Pds5b,246
XP_006526184.1,NA,247
XP_006532207.1; XP_006521832.1,Dlg4,248
XP_017175608.1,Cdc42bpa,249
NP_598898.2,Lars,250
XP_006521947.1; XP_006512989.1,Stxbp5l,251
NP_109654.2,Nckipsd,252
NP_659149.1,Atp1a1,253
XP_006501818.1,NA,254
NP_001152877.1,Llgl1,255
XP_006517166.1,Hnrnpk,256
NP_035034.2,Nefh,257
NP_036119.1,Slc27a4,258
NP_033092.3,Ring1,259
XP_011244733.1,Pacsin1,260
XP_011244377.1,Synj1,261
NP_109603.2,Gys1,262
NP_032010.2,Fscn1,263
NP_082320.1,Cnn3,264
NP_034852.2,NA,265
NP_001153802.1,Mocs3,266
NP_001139302.1,Plcb1,267
NP_062282.2,Omg,268
XP_006535736.1,Agap3,269
XP_011243401.2,NA,270
XP_006514527.1; XP_017169728.1,Camk2b,271
NP_001034218.1; NP_666242.2,Hnrnpa1,272
NP_062512.1,Rhog,273
XP_006498057.1,NA,274
NP_848467.1,Dhx38,275
XP_006515905.1,Akap5,276
NP_056602.1; NP_064418.1; NP_056601.1,H1f4,277
XP_006517078.1; NP_033247.1,Snca,278
NP_115769.1,Map1a,279
NP_766456.1,Pakap,280
NP_062371.2,Olfm1,281
NP_001258359.1,Cd82,282
NP_001078824.1,Arid1b,283
NP_034708.1,Itgb1,284
XP_006527556.1,Sfxn3,285
NP_076288.1,Oga,286
XP_006504698.1,Actl6b,287
NP_080386.3,Paxbp1,288
NP_062671.1,Kcnd2,289
XP_011241034.1,Mindy2,290
NP_001292733.1,Pank4,291
NP_034438.1,Gnao1,292
NP_084358.1,H2bc27,293
XP_011239577.1,Prrt3,294
NP_998779.2,Septin5,295
XP_006540709.1,Kcnc1,296
XP_011243785.1,NA,297
NP_659194.1,Lgi2,298
XP_006531479.1,Cyld,299
XP_006512769.1,Utrn,300
XP_006518569.1,NA,301
NP_062661.1,Slc22a4,302
NP_033523.1,Vamp2,303
NP_001278384.1; XP_006518571.1,Dpysl3,304
NP_032903.3,Plg,305
NP_032953.1,Map2k1,306
XP_006531087.1,Sipa1l2,307
NP_803126.1; NP_001333564.1; XP_006514527.1; XP_017169728.1,Camk2a,308
XP_017176959.1,NA,309
XP_006540709.1; XP_017177481.1,Kcnc1,310
NP_032756.1,Nptx1,311
XP_006540166.1,Zc3h4,312
XP_006515533.1,Evl,313
NP_059497.1,Gucy1b1,314
NP_001075448.1,Mecp2,315
NP_080828.1,Arpc4,316
NP_001074771.1,Trio,317
NP_033915.1,Cacna2d3,318
NP_035040.1; NP_666212.3; NP_032717.2; NP_035831.2; NP_035034.2,Nefl,319
NP_083795.2,Rap2a,320
XP_006513691.1,Ccdc38,321
NP_032543.2,Lta4h,322
NP_001074696.1,Stum,323
NP_803126.1,Camk2a,324
XP_006512569.1,Epb41l2,325
NP_032017.2,Fbl,326
XP_017171930.1,Kif21a,327
NP_032428.2,Itgav,328
NP_035040.1; NP_666212.3; NP_032717.2,Nefl,329
NP_687036.1,Homer1,330
NP_862898.1,Grm3,331
NP_666237.1,Itpka,332
XP_006532964.1,NA,333
NP_033098.2,Rock2,334
NP_031528.1,Atp1b3,335
NP_035825.1,Vdac2,336
NP_031670.1,Scarb2,337
XP_006515574.1; XP_006497202.1; NP_758483.1; XP_006526704.1,Mark3,338
NP_001136422.1,NA,339
NP_033012.1,Cavin1,340
XP_006535444.1,Cp,341
XP_006499571.1,Pak5,342
NP_080119.1,Ndufb7,343
XP_006540608.1,Slc6a5,344
XP_006505342.1,NA,345
NP_001334459.1; NP_033991.1; NP_062512.1; NP_001230698.1,Rac1,346
NP_001034454.1,Mobp,347
NP_001020531.2,Klc1,348
XP_006513227.1,NA,349
XP_006510196.1,Cep164,350
NP_848743.1,Atl1,351
NP_033222.1,Slc16a1,352
NP_001073282.1,Glyr1,353
NP_536698.2,Gjc3,354
NP_031865.2,Dhx15,355
XP_006500006.2,NA,356
XP_006510677.1,NA,357
XP_006537594.1,Slc44a1,358
NP_035831.2,Vim,359
XP_006520694.1; NP_035831.2,Prph,360
NP_663397.1,Rtcb,361
XP_011246731.1,Cibar2,362
XP_006506046.1; XP_006506174.1; XP_006528905.1,Iqsec1,363
XP_006527177.1,NA,364
NP_001292187.1,Api5,365
XP_006533490.1,NA,366
XP_006522696.1,Dnm1l,367
XP_017171537.1,NA,368
NP_034396.1,Gda,369
XP_006515882.1,Wars1,370
NP_062615.1,Stmn1,371
NP_062741.1,Arpc1a,372
NP_064659.2; XP_011248046.1,Cacna2d2,373
XP_006521627.1,NA,374
XP_011248046.1,Cacna2d1,375
NP_033435.2,Top2b,376
XP_006532207.1,Dlg4,377
NP_067493.1,Rab2a,378
XP_011238237.1,NA,379
XP_006507830.1,Dlg2,380
XP_011249214.1,Ppfia3,381
XP_006532286.1,Gh,382
XP_006518087.1; XP_006505170.1; XP_006518088.1,Cadps,383
NP_032181.2,Gpi1,384
NP_032852.2; XP_006520664.1,Pfkl,385
NP_031633.1,Car4,386
NP_038708.3,Syn1,387
NP_035040.1,Nefl,388
NP_033408.1,Thy1,389
XP_006532198.1,NA,390
XP_006510158.1,Prkcsh,391
XP_011238161.1,Osbpl6,392
XP_006532265.1,Gas7,393
XP_006510991.1; XP_017168363.1,Unc13c,394
NP_001157012.1; NP_001186065.1,Plec,395
NP_032717.2,Nefm,396
NP_031493.2,Aplp1,397
NP_031476.3,Slc25a4,398
NP_848492.1,Atp1a2,399
NP_075617.3,Palm,400
NP_848736.2,Phyhipl,401
NP_598541.3,Tpr,402
XP_006510125.1,Ncam1,403
XP_006505767.1,Zfp638,404
XP_006521947.1,Stxbp5l,405
NP_001129530.1,Crmp1,406
NP_848818.1,Slc6a1,407
XP_011247832.1,NA,408
XP_011237702.1,NA,409
NP_081671.1,Basp1,410
XP_006529218.1,Kif1a,411
XP_017168360.1,Ano8,412
XP_006529697.2,Nfasc,413
NP_001108135.1,Plcl1,414
XP_011239463.1,Atp2b2,415
NP_062701.2,Snx1,416
NP_031502.1; NP_031506.1,Arf1,417
NP_598691.1,Creld1,418
NP_803126.1; XP_006518557.1; NP_001333564.1; XP_006514527.1; XP_017169728.1,Camk2a,419
NP_666238.1,Sord,420
XP_017170173.1,NA,421
NP_035868.1; NP_035869.1; NP_061359.2; XP_006499972.1; XP_011243654.1; NP_033562.3,Ywhah,422
XP_006503104.1,NA,423
NP_001070830.1,Fhl1,424
NP_001020097.2,Cyb5d2,425
NP_619592.1,Cds2,426
XP_006501041.1,NA,427
XP_011248230.1,Lpar1,428
XP_006499972.1,Ywhab,429
XP_006509052.1; XP_011241592.1,Ank1,430
NP_001120827.1,Eif2b4,431
XP_006511147.2,Dmxl2,432
NP_032606.4,Map3k5,433
NP_056602.1,H1f4,434
NP_766581.2,Zfp512,435
XP_006526058.1,Bin1,436
NP_033476.1; NP_076205.1,Tubb2a,437
NP_035300.1,Prnp,438
XP_006518634.1,Hnrnpc,439
XP_006524083.1,NA,440
NP_001028769.1,Acsl6,441
NP_032385.1,Il17ra,442
XP_006535283.1,Wdfy3,443
XP_006504154.1,Cad,444
XP_006526253.2,NA,445
NP_573479.3,Xpnpep1,446
NP_001303661.1,Prxl2a,447
NP_038751.2,Podxl,448
XP_011242628.1,NA,449
XP_006535199.1,Slc4a4,450
NP_031484.1,Ap2a1,451
NP_619600.2,Prpf8,452
XP_006540499.1,NA,453
NP_035995.1,Pcbp1,454
NP_898967.2,Inpp5a,455
NP_848723.1,Reep1,456
NP_570930.1,Cdk9,457
NP_001334108.1,Eif4a2,458
XP_006520154.1,Lmbrd2,459
NP_033220.2,Slc12a2,460
NP_109617.1,Sacm1l,461
NP_602320.2,Gpr37l1,462
XP_006504034.1,Ppp2r2c,463
NP_035354.1,Pygm,464
NP_766311.2,Adap1,465
NP_058066.2,Ube2k,466
NP_690023.1,Cdc5l,467
XP_006507657.1,Picalm,468
XP_011241171.1,Dock3,469
NP_034120.2,Clip2,470
NP_001074662.2,Lemd3,471
XP_011242362.1,Sipa1l1,472
NP_035016.1,Ndufa4,473
XP_017168016.1,Asah1,474
NP_149065.2; NP_758514.2,Tars,475
XP_006517706.1,Pde4d,476
NP_291061.1,Pcdhgc5,477
NP_058662.2,Phgdh,478
XP_006529697.2; XP_011246317.1,Nfasc,479
NP_780398.2,Hepacam,480
NP_766283.2,Plaa,481
NP_058019.2,Caprin1,482
NP_951062.1; XP_006532198.1,Ddx17,483
XP_006529597.1,Plekha6,484
NP_032345.2,Icam5,485
XP_006509770.1,NA,486
XP_006528768.1,Hccs,487
NP_076224.1,Actr3,488
XP_017169461.1; XP_011240298.1,Ppfia2,489
XP_011238839.1,Dlgap3,490
NP_056602.1; NP_056601.1,H1f4,491
XP_006519289.1,Sacs,492
NP_001258528.1,Sort1,493
NP_033475.1; NP_059075.1; NP_001029051.2,Tuba3b,494
NP_058668.1,Slc7a8,495
XP_006507497.1,NA,496
NP_112442.2,Hspa8,497
XP_017170058.1,NA,498
XP_006521512.1,Faim2,499
NP_080528.2,Cpeb4,500
NP_062780.2,Vapb,501
XP_006512447.1; XP_006529983.1,Clasp2,502
NP_001277380.1,NA,503
NP_032907.1; NP_786926.2,Plxna1,504
NP_032223.2,H1f0,505
NP_035785.1,Tubb5,506
XP_017177455.1,NA,507
NP_035232.1,Prkcg,508
NP_035380.3,Rbl2,509
XP_006515597.1; XP_011244620.1,Nrxn1,510
NP_035040.1; NP_666212.3; NP_032717.2; NP_035034.2,Nefl,511
XP_011240164.1,Septin1,512
XP_017177213.1,NA,513
XP_006503591.1,Adam22,514
NP_001074610.1,Gabbr2,515
NP_001073598.1,Tmpo,516
NP_034459.2,Pdpn,517
NP_032014.3,Fasn,518
NP_079770.2,Atp6v1c1,519
XP_006535255.1,Sec31a,520
XP_011238380.1,Gmps,521
NP_776101.3,Maoa,522
NP_796141.2,Ppm1e,523
NP_038522.2,Cpe,524
NP_666319.2; NP_001103612.1,Cul4a,525
XP_006522097.1,NA,526
NP_001153871.1,Ccdc112,527
NP_808383.3,Kctd12,528
NP_033403.1,Th,529
NP_032328.2; NP_035761.1,Hsp90ab1,530
NP_034725.3,Kcna1,531
NP_062722.1,Sae1,532
XP_017172285.1,NA,533
XP_006508100.1; XP_011238598.1,Trim2,534
NP_001078909.1,Smcr8,535
NP_081271.2,Naxd,536
NP_080543.2,Necap1,537
NP_032324.1,Dnaja1,538
NP_001104485.1; XP_006513761.1; NP_038708.3,Syn2,539
NP_080628.1,Ppid,540
XP_006524170.1,NA,541
NP_061269.1,Eif3i,542
XP_006500208.1,Lnpk,543
XP_006514078.1; XP_011239469.1; XP_011239463.1,Atp2b2,544
NP_001104749.1,Wdfy1,545
NP_081502.2,Fyttd1,546
NP_075768.1,Tubb3,547
NP_780698.2,Osbpl8,548
XP_006514078.1; XP_011239469.1; XP_011239463.1; XP_006528144.1,Atp2b2,549
XP_017173425.1,NA,550
NP_941001.2,Map6d1,551
NP_033807.2,Ap1g1,552
NP_036123.3,Dpysl4,553
NP_032876.1,Pitpna,554
NP_033989.2; XP_006532556.1,Septin7,555
NP_780663.1,Hid1,556
XP_006495613.1,Xkr4,557
NP_034617.1,Elavl3,558
NP_031441.2,Parp1,559
XP_017168067.1,Cacna1e,560
XP_017174914.1,NA,561
XP_006527732.1,Gripap1,562
NP_036009.1,Ik,563
NP_001258467.1,Myh14,564
NP_033476.1; NP_033477.2; NP_075768.1; NP_035785.1; NP_666228.1; NP_076205.1,Tubb2a,565
NP_001278000.1,Pfkp,566
NP_038703.3,Sptb,567
NP_071287.1,Fxyd6,568
XP_017170266.1,Btbd17,569
XP_006523815.1,Afdn,570
NP_001091640.1,Pcdh10,571
NP_035790.1,Txn1,572
NP_031402.3,Pzp,573
NP_033023.1,Rab11b,574
XP_006510130.1,Ncam1,575
NP_064418.1,H1f5,576
NP_835585.3; NP_783592.1; NP_034566.1,H2ac21,577
NP_032973.1,Psmc1,578
XP_006497754.1,Fnbp1,579
NP_031535.2,Atp6v1b2,580
NP_001303639.1,Gprin1,581
NP_032644.3,Mdh1,582
NP_001004144.1,Git1,583
XP_006523666.1,NA,584
NP_001129530.1; NP_001278384.1; NP_031791.3; XP_006518571.1,Crmp1,585
NP_034275.1,Ephx1,586
XP_006526515.1,Mbp,587
NP_001300646.1,Hnrnph2,588
NP_075605.1,Cacnb2,589
NP_058033.2,Lxn,590
XP_006501639.1,NA,591
XP_006496069.1,Inpp4a,592
XP_006527267.1,Syt7,593
NP_071705.3; NP_112442.2; NP_034608.2,Hspa5,594
NP_598694.3,Rpn1,595
XP_006514513.1,NA,596
XP_006528997.1,Huwe1,597
XP_006520120.1,Zfr,598
XP_006530984.1,NA,599
NP_659149.1; NP_848492.1,Atp1a1,600
NP_038663.2,Sypl,601
XP_006515402.1,Vipas39,602
NP_081651.2,Gcc2,603
XP_006501582.1,Nbea,604
NP_035232.1; NP_035231.2,Prkcg,605
XP_006514662.1,Sptbn1,606
XP_011239469.1,Atp2b2,607
XP_006511785.1,Camkv,608
XP_006511412.1,Sltm,609
NP_033476.1; NP_035785.1; NP_666228.1; NP_076205.1,Tubb2a,610
NP_035020.2,Nedd4,611
XP_006526702.1,Ddb1,612
NP_031713.1,Cfl1,613
NP_937893.1,Lrrc4b,614
XP_011243797.1; NP_035995.1,Pcbp2,615
XP_011240077.1,Atxn2l,616
NP_079958.3; NP_075633.2,Pspc1,617
NP_001070982.1,Slc1a2,618
XP_017171415.1,Ptk2b,619
XP_006514662.1; XP_006540499.1; XP_006531767.1; NP_038703.3,Sptbn1,620
NP_035234.1,Prkce,621
XP_006516968.1,Phactr1,622
XP_006535713.1,Slc4a2,623
NP_001170795.1; XP_011247832.1,Septin6,624
NP_035869.1; XP_006499972.1; XP_011243654.1,Ywhaq,625
NP_001104784.1,Ngef,626
NP_062745.1,Dstn,627
XP_006530193.1,Cit,628
XP_011238748.1,NA,629
XP_006540234.1,Myadm,630
XP_006497712.2; XP_006497714.2; NP_001033708.1,Dnm1,631
NP_038961.2,Vapa,632
NP_766478.1; XP_006505934.1,Slc6a11,633
XP_011238225.1,Dnajc5,634
NP_001074524.1,Trappc10,635
NP_573448.2,Rogdi,636
NP_659077.1,Ppp1r1b,637
XP_006535535.1,Slc7a14,638
XP_006513953.1,NA,639
NP_001093101.1,Sh2d5,640
XP_006531583.1,Pard3,641
XP_006511166.1,Herc1,642
NP_001074725.1,Kdm3b,643
NP_031620.1,Calu,644
NP_064393.2,Mtor,645
NP_666148.1,Ahsa1,646
NP_032970.2,Psma2,647
XP_017177814.1,Brsk1,648
XP_006496138.1,Abi2,649
XP_017177467.1,Gabrg3,650
XP_011242843.1,NA,651
NP_082988.1; NP_083795.2,Rap2b,652
NP_001177715.1,Ddx19b,653
XP_017172014.1,NA,654
NP_032162.2,Gnl1,655
NP_001020327.1,Ccdc93,656
NP_001009930.1,Brsk2,657
NP_062530.2,Becn1,658
NP_034401.1,Gpd1,659
XP_006501469.1,Slc6a17,660
NP_766601.2,Map1s,661
XP_006510125.1; XP_006510130.1,Ncam1,662
NP_061264.1,Atp6ap1,663
XP_006524303.1; NP_001107596.1,Syngap1,664
XP_006521832.1,Dlg1,665
XP_006518557.1,Camk2g,666
NP_062318.2,Fmn2,667
NP_035956.1,Hax1,668
NP_705813.2,Cnot10,669
NP_001158055.1; NP_705797.1,Dnajc6,670
XP_006513900.1; XP_006533939.1; NP_001300646.1,Hnrnph3,671
XP_006526383.1,Pcdh1,672
NP_033017.2,Abcd3,673
NP_663600.2,Eif4b,674
NP_058081.2,Stx1a,675
NP_034851.2,Lmnb1,676
NP_083949.2,Immt,677
NP_062606.1,Napb,678
XP_006518515.1,Anxa7,679
XP_006533719.1,Specc1,680
NP_035651.1,Sdc4,681
NP_080650.1,Ilf2,682
NP_034403.1,Gdi1,683
NP_036116.3,Ncdn,684
NP_001070734.1; XP_011247812.1,Hnrnpd,685
NP_038959.2,Mapk8ip3,686
NP_001171266.1; NP_001155294.1,Rgs20,687
NP_001013398.2,Dync1li2,688
NP_075907.2,Pgam1,689
XP_006518557.1; XP_006514527.1; XP_017169728.1,Camk2g,690
XP_006502128.1,NA,691
NP_032985.2,Ptdss1,692
XP_006508100.1,NA,693
NP_001074743.1,Pgd,694
NP_067621.3,Dctn5,695
NP_001157226.1,Rab3gap2,696
NP_778163.1,Hpcal4,697
XP_017175535.1,NA,698
XP_011249113.1,Otud7a,699
NP_077157.2,Cyb5r4,700
XP_006508810.1,NA,701
XP_006530932.1,NA,702
XP_011237447.1,NA,703
XP_006535203.1,Uso1,704
NP_035642.1,Surf4,705
XP_006504616.1,Gnb2,706
XP_006528905.1,Iqsec2,707
NP_683740.1,Slc1a3,708
XP_006535770.1,NA,709
XP_006535674.1,Prkag2,710
NP_001014981.1,Wdr7,711
NP_058548.1,Wbp2,712
NP_001153825.1,Grm2,713
NP_034937.1,Marcksl1,714
NP_001177383.1,Dctn2,715
NP_032045.1,Fkbp1a,716
NP_001139529.1,NA,717
NP_848887.1,Nceh1,718
XP_011239086.1,Jakmip1,719
XP_017170671.1,NA,720
NP_932773.2,Fam120c,721
NP_032405.3,Kpnb1,722
XP_011247046.1,Hap1,723
XP_006511697.1; XP_006503645.2,Bsn,724
XP_006521316.2,NA,725
NP_001296945.1,Gm45927,726
XP_006497785.1,NA,727
XP_006496354.2,Cracdl,728
XP_006504497.1,Vgf,729
XP_017173099.1,NA,730
XP_006530470.1,Clip1,731
NP_033476.1; NP_075768.1; NP_035785.1; NP_666228.1; NP_076205.1; NP_080749.2,Tubb2a,732
NP_001182703.1,Gprc5b,733
XP_006526667.1,Atl3,734
NP_001093586.1,Fam177a2,735
XP_006530293.1,Camkk2,736
XP_006530650.1,Cacna1a,737
NP_080581.1,Elob,738
XP_017170908.1,NA,739
NP_001093579.1,Srp54b,740
NP_659140.2,Gdap1l1,741
NP_033315.2,Slk,742
NP_598555.2,Qars,743
XP_006500031.1,Nup160,744
NP_001129530.1; NP_001278384.1; NP_031791.3,Crmp1,745
NP_034967.2; NP_001036820.2,Map6,746
NP_958741.1,Slc6a7,747
NP_573453.2,Cacng8,748
XP_011247990.1,Pex5l,749
NP_036145.1,Macroh2a1,750
XP_006512863.1,NA,751
XP_006532016.1,Acaca,752
XP_011237041.1,Astn1,753
XP_017171858.1,NA,754
XP_011244355.1,Pdxdc1,755
NP_001185806.1,Dync1i2,756
XP_011241696.1,Scyl2,757
NP_081686.1,Tecpr1,758
NP_001230052.1,Fam193a,759
XP_006514083.1,NA,760
NP_001334441.1,Cltb,761
NP_835220.1,Agap1,762
XP_006540862.1,Ube3a,763
XP_006538877.1,Fbxo2,764
XP_006523574.1,Mta3,765
NP_083174.2,Rptor,766
XP_006501565.1,NA,767
XP_006508937.1,NA,768
NP_058562.1,Stk39,769
NP_796278.1,Enpp6,770
NP_033476.1; NP_035785.1; NP_666228.1; NP_076205.1; NP_080749.2,Tubb2a,771
NP_032856.2,Abcb4,772
XP_006524886.1,Ergic1,773
NP_065594.2,Park7,774
NP_001028805.2,Slc2a13,775
XP_011243865.1,NA,776
XP_017175008.1,Dock10,777
XP_017174511.1,NA,778
NP_766057.1,Clic6,779
XP_006521609.1,Recql4,780
XP_006529893.1,NA,781
XP_006514662.1; XP_006531767.1; NP_038703.3,Sptbn1,782
XP_006523995.1,Slc8a1,783
NP_034963.2,Msn,784
XP_006516007.1,NA,785
NP_077785.2,Abhd12,786
NP_082289.2,Endod1,787
XP_006518087.1,Cadps,788
NP_058653.1,Hmgn2,789
XP_017169518.1,NA,790
NP_796317.2,Camk1d,791
NP_033475.1; NP_059075.1; NP_035783.1; NP_033473.1,Tuba3b,792
XP_006507060.1,C2cd5,793
XP_006513305.1,Hk1,794
NP_033053.2,Rasgrf2,795
NP_703187.2,Rtn1,796
NP_796301.2,Wwp1,797
XP_006532599.1,Bcas3,798
NP_035783.1,Tuba1a,799
NP_683748.1,Slc8a2,800
XP_006523937.1,Ptprs,801
NP_032252.1,Hcn2,802
NP_941015.2,Ap2s1,803
XP_006515133.1,Dgkb,804
NP_032257.3,Hdgf,805
XP_006520475.1,Plxnb2,806
NP_038744.1,G3bp1,807
NP_083424.1,Tmx4,808
NP_780503.2,Nucks1,809
XP_006516872.1,Hecw1,810
XP_006533939.1; NP_001300646.1; XP_006506892.1,Hnrnph2,811
NP_001230698.1,Cdc42,812
XP_006496813.1,Rasal2,813
XP_006506530.1,NA,814
NP_031864.2,Ddost,815
NP_038706.1,Surf2,816
NP_082253.1,Apmap,817
XP_006507541.1,Sh2b1,818
XP_006515086.1,Itsn2,819
NP_064314.2,Ranbp9,820
XP_006506211.1,NA,821
NP_938046.2,Nup188,822
NP_001273649.1,Tsc2,823
NP_001158277.1,Thsd7a,824
XP_006516423.1,Atg2b,825
NP_082568.1,Ppme1,826
NP_001157094.1,Prepl,827
XP_017177113.1,Dgki,828
NP_082724.1,Cenpv,829
XP_006525587.1,Fam210a,830
NP_663427.2,Rasa1,831
XP_006505793.1,Pde1c,832
NP_061359.2,Ywhag,833
NP_034403.1; NP_032138.3,Gdi1,834
XP_017168231.1,Carmil2,835
XP_011240696.1,Ube4a,836
NP_653105.3,Tbc1d10b,837
XP_017173919.1,NA,838
NP_001291932.1,Rab5c,839
XP_006538286.1,Ubap2,840
XP_006534046.1,Cltc,841
XP_006524219.1,NA,842
NP_036004.2,Psmc4,843
XP_006501136.1; NP_034851.2; NP_034852.2,Lmna,844
XP_011248858.1,NA,845
XP_006529374.1,Hdac4,846
NP_059503.2,Rragc,847
NP_062312.3,Gabbr1,848
NP_950186.3; NP_001129532.1,Dpp10,849
NP_058578.3,Sart1,850
NP_032907.1,Plxna1,851
XP_011240613.1,Crtc1,852
XP_006535199.1; NP_067505.2; NP_001229307.1,Slc4a4,853
NP_031509.1,Rhob,854
NP_062608.2,Tspan7,855
XP_006502834.1,NA,856
NP_080890.1,Ndufa5,857
NP_080479.2,Ahi1,858
NP_954670.2,Fam171a2,859
NP_035652.2,Syngr3,860
NP_033898.1,Bsg,861
XP_006497712.2,Dnm1,862
XP_006510923.1,Pml,863
NP_082628.3,Pgm3,864
XP_006513447.1,Rab5b,865
NP_084333.1,Trappc6b,866
XP_006535770.1; NP_035977.2,Dnajb6,867
XP_006526852.1,NA,868
XP_006501383.1,Spg20,869
XP_006510497.1; XP_006510268.1; XP_006510498.1,Opcml,870
XP_006531852.1,NA,871
NP_694769.2,Pacs1,872
XP_006498600.1,Dgkz,873
NP_032470.3,Kif3b,874
XP_006504723.1,Prkar1b,875
XP_006508885.1,NA,876
NP_031520.1,Ass1,877
NP_075633.2,Nono,878
NP_001103465.1,Eftud2,879
NP_937806.1,Rab35,880
XP_006497672.1,Abca2,881
XP_006524213.1,Plcl2,882
NP_663553.1,Ube2m,883
NP_031933.1; NP_001103465.1,Eef2,884
XP_011243195.1,Mycbp2,885
NP_848831.2,Tnpo1,886
XP_006518407.1,Dock9,887
NP_598709.1,Psip1,888
NP_001334382.1,Vps29,889
XP_006513224.1,NA,890
XP_006515829.1,Cep170b,891
NP_666071.2,Fam91a1,892
XP_006512138.1,Plxnb1,893
NP_080441.1,Slc25a46,894
NP_001156994.1,Emcn,895
XP_006509791.1,NA,896
XP_006525531.1,Synpo,897
NP_666929.2,Or6n2,898
NP_062408.2,Sh3gl2,899
XP_006513344.1,Zbtb7a,900
NP_031927.2,S1pr1,901
NP_079827.2,NA,902
NP_001074512.1,Ptpn23,903
XP_006515481.1,Mta1,904
XP_006518088.1,NA,905
NP_001098715.1,Pcdh19,906
XP_011246340.1,Atp2b4,907
NP_080276.2,Psmd9,908
XP_006503970.1,Ablim2,909
NP_031477.1,Slc25a5,910
XP_006533823.1,NA,911
XP_006511388.1,NA,912
NP_033006.2,Ptpra,913
NP_112442.2; NP_034608.2,Hspa8,914
XP_017172247.1,NA,915
XP_006496009.1,Ino80d,916
NP_032881.1,Prkcb,917
XP_006534125.1,Nufip2,918
XP_006510704.1; NP_058587.1,Ppp2r1a,919
XP_011249285.1,NA,920
NP_032880.1; NP_035230.1,Prkaca,921
NP_034537.2; XP_006499126.1; XP_006512602.1,Hck,922
NP_033482.1,Ube2l3,923
NP_032326.3,Hspa4,924
XP_006520345.2,Cyb5r3,925
XP_017172050.1,NA,926
NP_775603.2,Klhdc7a,927
NP_035354.1; NP_722476.1,Pygm,928
NP_001019795.1,Cdkl5,929
NP_062631.1,Hsd17b12,930
NP_038920.2,Pcsk1n,931
XP_006504832.1,NA,932
NP_780612.2,Mlec,933
NP_001277556.1,Atp4a,934
XP_017173957.1,NA,935
NP_077779.2,Ppp3r1,936
NP_035869.1,Ywhaq,937
NP_803126.1; XP_006518557.1; NP_001333564.1,Camk2a,938
XP_011246487.1,Rph3a,939
NP_080717.2,Pef1,940
XP_006536280.1,NA,941
NP_038486.2,Add2,942
XP_006538588.2; XP_006505566.1,NA,943
XP_006505343.1,NA,944
NP_079873.1,Ndufb3,945
NP_032475.2,Kif5c,946
NP_033265.4,Sp4,947
XP_006495819.1; XP_006495817.1,Map2,948
XP_006504108.1,NA,949
NP_001288283.1,Apod,950
NP_083852.1,Rab1b,951
NP_001035789.1,Mtmr7,952
XP_017172840.1,NA,953
XP_006534831.1,NA,954
NP_001318043.1,Aldh3a2,955
XP_011246712.1,NA,956
NP_598462.1,Prpf6,957
XP_006508904.2; NP_690014.2,NA,958
XP_006499090.1,Scn1a,959
NP_062640.2,Syncrip,960
XP_006514109.1,NA,961
XP_006514078.1; XP_011246340.1,Atp2b4,962
XP_006513779.1,Agpat3,963
NP_038587.2,Hsph1,964
NP_032461.2,Kcns1,965
XP_006506174.1,Iqsec3,966
NP_032755.2,Ctnnd2,967
XP_006509206.1,Tacc1,968
XP_006521871.1,NA,969
NP_056601.1,H1f2,970
XP_011240798.1,Rnf214,971
NP_001157178.1,Fbxo6,972
XP_006509734.1,Slc27a1,973
NP_035533.1,Slc4a1,974
NP_808568.1,Hapln4,975
XP_006530263.1,Ppp1cc,976
NP_079824.2,Tbcb,977
NP_001157135.1,Rab6a,978
NP_001106958.1,Septin9,979
XP_006509666.1,NA,980
XP_006516533.1,Wdr37,981
NP_001280551.1,Ppp3ca,982
NP_001186065.1,Macf1,983
XP_006532543.1,Per1,984
NP_001277674.1,Nckap1,985
NP_542122.1,Plpp3,986
NP_058616.1,Atp6v0a1,987
XP_017170323.1; NP_001258467.1,Myh10,988
XP_006518977.1,Farp1,989
NP_034253.3,Eif3a,990
NP_033175.1,Glg1,991
XP_017171216.1,NA,992
XP_006509178.1,NA,993
NP_032933.1,Ppia,994
XP_006496740.2,NA,995
NP_001107596.1,Dab2ip,996
XP_006496938.1,Rabgap1l,997
XP_006522201.1,Usp7,998
NP_001191094.1,Rapgef4,999
XP_017170819.1,NA,1000
XP_006500036.1,NA,1001
XP_011240975.1,NA,1002
NP_001159745.1,Cspg5,1003
NP_780566.1,Crbn,1004
NP_033247.1,Snca,1005
NP_001297770.1,Cadm1,1006
NP_080163.1; XP_006513447.1; NP_001291932.1,Rab5a,1007
XP_006509667.1,Upf1,1008
NP_083638.1,Chmp4b,1009
XP_006534321.1,Ap2b1,1010
NP_035650.2,Sdc3,1011
XP_006511697.1,Bsn,1012
NP_444305.2,Rheb,1013
XP_006513501.1,Diras1,1014
XP_006523666.1; XP_006523669.1; XP_006498771.1; XP_006512569.1,Epb41l1,1015
XP_006520694.1,Prph,1016
NP_033787.2; XP_006507272.1,Aldoc,1017
XP_011245331.1,Trappc8,1018
XP_006516889.1,Iars,1019
NP_892038.2,Slc17a7,1020
XP_006502211.1,Hapln2,1021
NP_001003934.1,Rtn3,1022
XP_017172628.1; XP_006505045.1,Dync1i1,1023
NP_001103970.1,Canx,1024
XP_006506436.2,Hnrnpa2b1,1025
NP_067299.2,Ttyh1,1026
NP_067467.2,Ap3b2,1027
NP_001001160.1,Fbxo41,1028
XP_006514078.1,NA,1029
XP_006529564.1,Relch,1030
NP_034944.2,Mog,1031
XP_006527017.1,Trpm3,1032
NP_001032371.1,Alpk2,1033
XP_006530277.1,Pitpnm2,1034
XP_006505075.1,Ptprz1,1035
XP_017172613.1,Ppm1f,1036
XP_006510505.1,Arhgap32,1037
NP_001278000.1; NP_032852.2; XP_006520664.1,Pfkp,1038
NP_032593.1,Mcm6,1039
NP_001074881.1,Bcr,1040
NP_001170795.1; XP_011247832.1; XP_006532697.1,Septin6,1041
NP_780660.1,Ckap4,1042
NP_001139437.1,Dlgap2,1043
NP_001028430.1,Arfgef3,1044
XP_006512640.1,Map7,1045
NP_033441.2,NA,1046
NP_058027.1,Dlg3,1047
NP_950186.3,Dpp10,1048
NP_077725.1; NP_058081.2,Stx1b,1049
XP_006501794.1,Ptbp2,1050
XP_006501076.1; NP_001106651.1; NP_001277380.1,NA,1051
XP_006511700.1; NP_034435.1,Gnai2,1052
XP_006529238.1,NA,1053
XP_011246830.1,NA,1054
XP_011248814.1,Arhgap35,1055
NP_694695.3,Sec63,1056
NP_035844.2,Baz1b,1057
NP_666355.1,Actr2,1058
XP_011246220.1,Dhx9,1059
XP_017171716.1,NA,1060
XP_011240715.1,Ncam1,1061
XP_006510036.1,Dnm2,1062
XP_006497712.2; XP_006497714.2; XP_006510036.1; NP_001033708.1,Dnm1,1063
NP_001263371.1,Acy1,1064
NP_067505.2; NP_001229307.1,Slc4a8,1065
XP_011237837.1,NA,1066
NP_001014761.1,Scn2b,1067
NP_033966.1,Cct3,1068
NP_001265004.1,Farsb,1069
NP_808332.3,Plppr4,1070
NP_001129541.2,Ldha,1071
XP_006501327.1,Arhgef11,1072
NP_851009.2,Gars,1073
NP_001171124.1,H2bc6,1074
NP_034435.1,Gnai1,1075
NP_780589.3,Gpd1l,1076
NP_032943.2,Ppt1,1077
NP_033473.1,Tuba4a,1078
NP_038714.2,Tcp1,1079
XP_006497961.1,Camsap1,1080
NP_776116.2,Ube2o,1081
NP_083804.3,Fam131b,1082
NP_038521.1,Cnbp,1083
NP_001074736.1,Rsf1,1084
XP_011244253.1,Kalrn,1085
NP_032436.1,Itm2b,1086
NP_001106659.1; NP_035944.2,Fxr1,1087
XP_006510497.1; XP_006510498.1,Opcml,1088
XP_006522264.1,NA,1089
XP_006510957.1,NA,1090
NP_035564.1,Sod1,1091
XP_011238598.1,Trim2,1092
NP_758487.2,Fcsk,1093
NP_031536.2,Atp6v1e1,1094
NP_663517.2,Ahcyl1,1095
NP_766366.2,Maob,1096
XP_006515183.1,Eipr1,1097
XP_006511315.1,Ccdc33,1098
NP_057891.1,Uba2,1099
NP_766420.1,Pcyox1l,1100
NP_808450.2,Prex1,1101
XP_011239898.1,NA,1102
NP_080283.3,Eef1g,1103
XP_006518993.1,Erc2,1104
XP_006539619.1,Hnrnpl,1105
XP_006499274.1,Tnks1bp1,1106
XP_011247336.1,NA,1107
NP_001104485.1,Syn2,1108
NP_084358.1; NP_001171124.1,H2bc27,1109
XP_011245733.1,Cask,1110
NP_034968.3,Mapt,1111
NP_038728.1,Usp5,1112
XP_006517598.1,NA,1113
NP_033477.2; NP_075768.1; NP_035785.1; NP_666228.1,Tubb4a,1114
XP_006520211.1,NA,1115
XP_017175463.1,NA,1116
NP_083429.1,Scamp1,1117
XP_006500829.2,Hspa4l,1118
XP_006518566.1,Clu,1119
NP_080468.1,Calcoco1,1120
XP_006509211.1,Hook3,1121
NP_071313.1,Sv2a,1122
NP_062729.1,Plp2,1123
XP_011245162.1,Pura,1124
XP_006541075.1,Sphk2,1125
NP_081495.1,Cdc42ep1,1126
NP_032986.1,Pten,1127
NP_032730.1,Nme1,1128
NP_573488.2,Acbd3,1129
NP_778163.1; NP_036168.1,Hpcal4,1130
NP_898837.2; XP_017175608.1,Cdc42bpb,1131
NP_038527.2,Cr1l,1132
NP_031505.1,Arf4,1133
NP_032854.2,Pgk1,1134
NP_080212.2,Rars,1135
NP_001318012.1; XP_006503732.1; XP_006503740.1,Add1,1136
NP_525024.1,Cttnbp2,1137
NP_032796.1,Cldn11,1138
NP_062273.2,Rabep1,1139
XP_006496493.1,Agfg1,1140
XP_011243797.1,Pcbp2,1141
NP_034537.2,Hck,1142
XP_006532388.1,Kif3a,1143
NP_063922.2,Rbm14,1144
XP_006508582.1,Shank2,1145
NP_080973.1,Rab14,1146
NP_033321.2,Stxbp1,1147
NP_001026981.2,Kcnh8,1148
NP_034538.2; NP_032252.1,Hcn1,1149
XP_011245862.1,NA,1150
XP_006502477.1,Wdr47,1151
NP_001129530.1; NP_031791.3; XP_006518571.1,Crmp1,1152
XP_006518882.1,NA,1153
XP_006514662.1; XP_006540499.1; XP_006531767.1,Sptbn1,1154
NP_067398.2,NA,1155
NP_033304.1,Ssb,1156
NP_081726.1,Glipr2,1157
NP_666219.1,Actr1b,1158
XP_006501815.2,NA,1159
NP_001272969.1; XP_006514364.1,Anks1,1160
NP_666109.2,Kdm5a,1161
XP_017170325.1,NA,1162
NP_001177733.1,Dnajb11,1163
XP_006503740.1,Add1,1164
NP_851415.1,Rab18,1165
NP_031479.1,Prdx6,1166
XP_006513620.1,NA,1167
XP_017173043.1,NA,1168
NP_056592.2,Igbp1b,1169
XP_017176885.1,NA,1170
XP_017175032.1,Dennd4b,1171
NP_083093.2,Acsl3,1172
NP_598925.1,Syt12,1173
XP_006522879.1,NA,1174
NP_080144.1,Tmx2,1175
XP_017169356.1; XP_006529385.1; XP_017169355.1; XP_006540252.1,Syt2,1176
XP_006506378.1,NA,1177
NP_034610.1; NP_032328.2,Hsp90aa1,1178
NP_076092.1; NP_075633.2,Sfpq,1179
XP_006499969.1,Slc23a2,1180
XP_006533928.1,Arhgap23,1181
NP_683734.2,Pom121,1182
NP_033476.1,Tubb2a,1183
NP_031724.2,Chrm1,1184
NP_032564.1,Marcks,1185
XP_006540378.1,Zfp329,1186
NP_077251.1,Osbpl5,1187
XP_006496425.1,NA,1188
NP_001028440.2,Fam120a,1189
NP_862897.1,Fgb,1190
NP_033212.1,Tra2b,1191
NP_001153355.1,Dnajb2,1192
NP_034418.1,Gja1,1193
NP_001165053.1,Mars1,1194
NP_001029051.2,Tubal3,1195
NP_035318.1,NA,1196
XP_006532333.2,Hgs,1197
NP_034158.1,Ddx3x,1198
NP_033037.2,Rad23b,1199
NP_001334161.1,Gsk3b,1200
NP_659175.1,Sez6l2,1201
XP_006496638.1,Sphkap,1202
XP_006495591.1,Stau2,1203
XP_006530815.1,Mt1,1204
NP_848803.3; XP_011243251.1,Ablim1,1205
NP_034901.2,Matr3,1206
NP_001164497.1,Os9,1207
NP_032660.2,Map1b,1208
XP_006515506.1,Ccnk,1209
XP_006496805.1,Tnr,1210
NP_033022.1; NP_083852.1,Rab1a,1211
NP_038700.2,Sp1,1212
NP_783592.1,H2ac10,1213
XP_006515597.1,NA,1214
XP_017168436.1,Babam1,1215
XP_006521998.1; XP_017175650.1,Eif4g1,1216
XP_017172884.1,Vars,1217
NP_033822.2,Apoa1,1218
XP_017170323.1; XP_006521906.1; NP_001258467.1,Myh10,1219
XP_006519600.1,NA,1220
XP_006514078.1; XP_011246340.1; XP_006528144.1,Atp2b4,1221
XP_006505885.1,Slc2a3,1222
NP_001106659.1,Fxr1,1223
XP_017168363.1,Unc13a,1224
NP_033476.1; NP_075768.1; NP_035785.1; NP_076205.1,Tubb2a,1225
NP_001156496.1,Mon2,1226
NP_001070734.1,Hnrnpd,1227
XP_017170260.1,NA,1228
XP_017173108.1; XP_017173116.1,NA,1229
NP_001106679.1,Ncam2,1230
NP_031782.3,Cplx1,1231
XP_006522653.1,Aifm3,1232
XP_017171911.1,Cntn1,1233
NP_766636.2,Gga3,1234
NP_001094977.1,Clec2l,1235
NP_001020546.1,Wdr61,1236
NP_001291713.1,Hdgfl2,1237
NP_076026.1,Rab3b,1238
XP_006521961.1,Usf3,1239
NP_033610.1,Dnajc2,1240
NP_079719.1,Pno1,1241
XP_006508904.2,NA,1242
NP_835585.3,H2ac21,1243
NP_001152964.1,Gpatch8,1244
NP_898837.2,Cdc42bpb,1245
NP_035231.2,Prkca,1246
NP_033174.2,Exoc4,1247
NP_001289435.1,NA,1248
NP_683740.1; XP_006513487.1,Slc1a3,1249
XP_017169355.1,NA,1250
XP_011239560.1,NA,1251
NP_705809.1,Gpm6a,1252
NP_064311.2,Arih1,1253
NP_598477.2,Smap2,1254
NP_666202.2,Zadh2,1255
XP_001473484.1,NA,1256
NP_034407.2,Gfap,1257
NP_783592.1; NP_034566.1; XP_017170325.1,H2ac10,1258
NP_001277228.1,Plppr2,1259
NP_031952.2,Aimp1,1260
XP_006530838.1,NA,1261
XP_011241590.1,Pip4k2c,1262
XP_006512995.1,NA,1263
NP_032939.1; NP_001280551.1,Ppp3ca,1264
NP_077185.1,Crip2,1265
XP_006516371.1,Ppp4r4,1266
XP_006507347.1,Coro1a,1267
NP_001075440.1,Ankrd63,1268
XP_006523047.1,Ttc3,1269
XP_006538560.1,Alpl,1270
XP_011244430.1,Cadm2,1271
NP_694818.3,Ago2,1272
NP_062625.2,Ptpn9,1273
XP_011236908.1,Zdbf2,1274
NP_543129.3,Slc17a6,1275
XP_006512188.1,Myrip,1276
NP_001303251.1,Ldhb,1277
XP_006518968.1,Pcdh17,1278
NP_033476.1; NP_076205.1; NP_080749.2,Tubb2a,1279
XP_006517013.1; XP_006513501.1,Diras2,1280
XP_011237883.1,Trp53bp1,1281
XP_011237615.1,Kcnh7,1282
XP_006524376.1,Caskin1,1283
NP_001192163.1; XP_011244620.1,Nrxn2,1284
XP_006498688.1,Ctnnd1,1285
NP_766145.1; NP_001276704.1,Rufy1,1286
XP_006535243.1,NA,1287
XP_006541123.1,NA,1288
XP_006510841.1,Anp32a,1289
NP_038493.1,Ahsg,1290
XP_006504989.1,Fry,1291
XP_006539284.1; NP_062640.2,Syncrip,1292
NP_084359.1,Naa38,1293
NP_065630.1,Jph3,1294
XP_006509607.1,Eps15l1,1295
XP_011240739.1,Smarca4,1296
NP_001074593.1,Map7d2,1297
XP_017177576.1,Syt3,1298
NP_001074648.1,Heatr5b,1299
NP_938085.1,Nsfl1c,1300
XP_006506982.1,Kras,1301
NP_001074586.2,Mki67,1302
XP_011240743.1,NA,1303
NP_598819.2,Pelo,1304
XP_006531804.1,Coro1b,1305
XP_006505433.1,Erc1,1306
NP_035927.1,Car14,1307
NP_082820.1,Rasip1,1308
XP_006531767.1,NA,1309
XP_006512061.1,NA,1310
XP_006505618.1,Gpr162,1311
NP_034249.1,Ehd1,1312
NP_001074848.2,Ankrd11,1313
XP_006495496.1,Atp6v1h,1314
NP_659097.2,Eppk1,1315
NP_079967.1,Srp72,1316
XP_006503745.1,NA,1317
NP_033859.1,Atp6v0c,1318
XP_006499441.1,Zmynd8,1319
XP_017172851.1,NA,1320
NP_075553.2,Asph,1321
XP_006525592.1,Apc,1322
NP_001272920.1,Tbc1d5,1323
XP_006499350.1,Smox,1324
XP_017167933.1,NA,1325
NP_775622.1,Nalf1,1326
XP_006519097.1,Zswim8,1327
XP_011239122.1,Ncor2,1328
NP_598490.1,Stk26,1329
XP_011243654.1,NA,1330
XP_006514524.1,NA,1331
NP_780358.3,2310022B05Rik,1332
NP_001171426.1,Gpm6b,1333
XP_006527179.1,Cpsf7,1334
XP_006537616.1,Rnf20,1335
NP_032877.1,Pitpnm1,1336
XP_017172050.1; XP_006499049.1,Sirpa,1337
XP_006497712.2; XP_006497714.2; XP_006510036.1,Dnm1,1338
XP_011245968.1,Apoo,1339
NP_598738.1,Trf,1340
XP_006516227.1,Rbm25,1341
XP_017169356.1; XP_006529385.1; XP_017169355.1,Syt2,1342
NP_001156336.1,Ttbk1,1343
NP_001303601.1; NP_032881.1; NP_035231.2,Prkcb,1344
NP_033476.1; NP_033477.2; NP_075768.1; NP_035785.1; NP_666228.1; NP_076205.1; NP_080749.2,Tubb2a,1345
NP_058025.2; XP_006507331.1; NP_001103610.1,Atp2a3,1346
XP_006526055.1,Bin1,1347
XP_006540841.1,Tjp1,1348
NP_033477.2; NP_075768.1; NP_666228.1; NP_080749.2,Tubb4a,1349
XP_006518136.1,Abhd6,1350
XP_006508028.1,NA,1351
NP_035868.1; NP_035869.1; NP_061359.2; XP_006499972.1,Ywhah,1352
NP_077243.2,Rrbp1,1353
NP_062284.1,Ppp2ca,1354
NP_032169.1,Rack1,1355
NP_659061.2,Tnrc6b,1356
NP_898972.1,Zfp598,1357
XP_006496891.1,Rgs7,1358
XP_006540636.1,Apba2,1359
XP_006498875.1,Kcna4,1360
NP_081703.1,Taf15,1361
NP_032950.1,Prkar2a,1362
NP_034236.2,Eef1a1,1363
NP_080073.1,Cyb5a,1364
XP_006499087.1,Rpn2,1365
XP_011243908.1,Ly6h,1366
XP_017175822.1,Srsf4,1367
NP_001277924.1,Kif1b,1368
NP_031694.1,Cdk5,1369
NP_035230.1,Prkacb,1370
NP_038691.1,Srsf3,1371
NP_031861.2,Dctn1,1372
XP_006523408.2,NA,1373
XP_006509268.1,Purg,1374
NP_001028571.1,Gfod1,1375
NP_941016.2,C2cd4c,1376
NP_062734.1,Serinc1,1377
NP_031447.1,Adssl1,1378
NP_631888.1; NP_081703.1,Fus,1379
XP_006522043.1,Tfg,1380
NP_080104.2,Lman2,1381
XP_017173043.1; NP_032755.2,Ctnnd2,1382
NP_034439.2,Gnas,1383
XP_011242291.1,Arhgap5,1384
NP_033475.1; NP_059075.1; NP_035783.1,Tuba3b,1385
XP_006500405.1,Ckap5,1386
XP_006532934.1,Arhgap44,1387
XP_006505934.1,Slc6a6,1388
XP_006514078.1; XP_011239469.1; XP_011246340.1; XP_011239463.1; XP_006528144.1,Atp2b2,1389
NP_035903.2,Slc30a3,1390
XP_006505566.1,NA,1391
XP_006527974.1,Flna,1392
XP_006515148.1; XP_011241171.1,Dock4,1393
NP_038505.2,Atp6v0d1,1394
XP_006516167.1,Ralgapa1,1395
NP_062283.1,Pfn2,1396
XP_011237573.1,NA,1397
NP_598785.1,Tubg1,1398
NP_062510.2,Htra1,1399
NP_080099.1,Pcyox1,1400
NP_035977.2,Dnajb6,1401
NP_035447.3,Khdrbs1,1402
XP_011241243.1,Pdcd6ip,1403
XP_006533659.1,Myo18a,1404
NP_032104.2,Gad2,1405
XP_006510268.1,NA,1406
XP_011247028.1,NA,1407
NP_081633.1,Psmd1,1408
XP_006495839.1,Pikfyve,1409
NP_032939.1,Ppp3ca,1410
NP_076401.1,Scyl1,1411
NP_076205.1,Tubb2b,1412
NP_033477.2; NP_035785.1; NP_666228.1,Tubb4a,1413
XP_006503082.1,Zmpste24,1414
NP_766520.2,Nlgn3,1415
XP_011245108.1,Napg,1416
XP_006518571.1,NA,1417
NP_061229.2,Zfp326,1418
NP_758514.2,Tarsl2,1419
XP_006540629.1,NA,1420
NP_033968.1,NA,1421
NP_064667.2,Pdxp,1422
NP_839987.2,Reps2,1423
XP_011240298.1; XP_011249214.1,Ppfia1,1424
NP_031664.3,Cct7,1425
NP_084514.2,Dync1h1,1426
NP_001074564.1,1700009N14Rik,1427
XP_006526667.1; NP_848743.1,Atl3,1428
NP_659507.3,Hip1r,1429
XP_006538298.1,Trim32,1430
NP_001276704.1,Rufy3,1431
NP_001041526.1,Hnrnpab,1432
XP_006530250.1,NA,1433
XP_006526055.1; XP_006526058.1,Bin1,1434
XP_006510036.1; NP_001033708.1,Dnm2,1435
NP_758465.2,Ppp1r9b,1436
NP_065603.2,Ehd3,1437
XP_006540792.1; NP_001239388.1,Cyfip1,1438
XP_006499076.1,Raly,1439
NP_038528.3,Hapln1,1440
XP_011241069.1,Mapk6,1441
NP_780728.3,Kctd8,1442
XP_006506879.1,Sfxn5,1443
XP_006526055.1; XP_006526058.1; NP_001276475.1,Bin1,1444
NP_035449.1,Sars,1445
XP_006529062.1,NA,1446
XP_011241592.1,NA,1447
NP_001157990.1,Iglon5,1448
XP_006538405.1,Slc24a2,1449
NP_766616.2,Vps13a,1450
XP_006538588.2,NA,1451
NP_032274.1,Hint1,1452
NP_034967.2,Map6,1453
NP_031482.1,Ap1m1,1454
XP_006530470.1; NP_034120.2,Clip1,1455
NP_031557.2,Phb2,1456
NP_666341.1,Dync1li1,1457
XP_006501136.1,Lmna,1458
NP_001158055.1,Dnajc6,1459
XP_006500948.1,NA,1460
XP_006503732.1,Add1,1461
NP_035078.1,Nudc,1462
NP_001170795.1,Septin6,1463
XP_006524231.1,Dlgap1,1464
NP_058062.2,Cntnap1,1465
NP_033809.1,Ap2m1,1466
XP_006506046.1,Iqsec1,1467
NP_075779.2,Mkrn2,1468
XP_006496765.1,Pea15a,1469
XP_017171744.1,Gm2959,1470
NP_001280575.1,Pip5k1c,1471
NP_061359.2; XP_006499972.1,Ywhag,1472
XP_006534114.1,Rpa1,1473
XP_006506046.1; XP_006528905.1,Iqsec1,1474
NP_031507.1,Arf6,1475
NP_031436.2,Adh5,1476
XP_017173116.1,NA,1477
XP_006532697.1,NA,1478
XP_011245756.1,Usp9x,1479
NP_033127.1,Rras,1480
NP_001092768.1; XP_006499090.1,Scn2a,1481
XP_017176112.1,Atp8a1,1482
XP_006518654.1,Kcnma1,1483
XP_006509361.1,Pcm1,1484
NP_001116292.1,Ap3m2,1485
NP_035868.1,Ywhah,1486
NP_775619.2,Vcpip1,1487
NP_001304314.1,Prdx2,1488
NP_001272781.1,Sgip1,1489
NP_034288.2,Khdrbs3,1490
NP_001182350.1,H4c17,1491
NP_058587.1,Ppp2r1a,1492
NP_062623.2,Clptm1,1493
NP_064674.1,Lgi1,1494
NP_032099.1,Gabrg2,1495
NP_613066.2,Aldh7a1,1496
XP_011244111.1,NA,1497
XP_006502856.1,Elavl4,1498
NP_067497.2,Usp14,1499
NP_598550.2,Strn4,1500
NP_001012783.3,Adcy5,1501
NP_803126.1; NP_001333564.1,Camk2a,1502
XP_011239436.1,Braf,1503
NP_033924.2,Capn2,1504
NP_775550.2,Srsf1,1505
NP_951062.1; NP_034158.1; XP_006532198.1,Ddx17,1506
NP_059070.1; NP_062284.1,Ppp2cb,1507
NP_036120.1,Slc7a11,1508
XP_006500266.1,Zfyve19,1509
XP_006510101.1,NA,1510
NP_065603.2; NP_034249.1,Ehd3,1511
XP_006526377.1,Arhgap12,1512
XP_017171083.1,NA,1513
NP_080355.2,Elp1,1514
XP_006512769.1; XP_006527830.1,Utrn,1515
XP_017167703.1,NA,1516
XP_006529137.1,NA,1517
XP_006509627.1,Atp13a1,1518
XP_006521324.2,Eef1d,1519
NP_001186013.1,Wnk1,1520
XP_006532404.1,Lasp1,1521
XP_006515148.1,Dock4,1522
XP_006517078.1,NA,1523
NP_839990.2,Abca13,1524
XP_017169728.1,Camk2b,1525
NP_808419.1,Cnksr2,1526
NP_659190.3,Map7d1,1527
NP_001192298.1,Golm2,1528
XP_006523666.1; XP_006523669.1; XP_006512569.1,Epb41l2,1529
XP_006501773.1,Ankrd34a,1530
NP_058056.2,Mybbp1a,1531
XP_006522692.1,NA,1532
NP_766478.1,Slc6a11,1533
NP_705736.1,Bcl2l13,1534
XP_006510022.1,Hyou1,1535
NP_758459.2,Wdr11,1536
NP_032939.1; NP_001280551.1; XP_006518770.1,Ppp3ca,1537
XP_006497396.1,NA,1538
NP_796216.2,Pptc7,1539
XP_006519653.1,NA,1540
XP_006536217.1,NA,1541
NP_033562.3,Ywhae,1542
XP_006500944.1,NA,1543
NP_001164215.1,Ctbp2,1544
XP_006505605.1,NA,1545
NP_766368.2,Slc9a6,1546
NP_032709.1,Nedd8,1547
XP_006514364.1,Anks1b,1548
XP_006530997.1,6430548M08Rik,1549
NP_031962.2,Epha4,1550
XP_017173558.1,NA,1551
NP_079940.2,Snx9,1552
NP_001300631.1,Mtmr1,1553
XP_006530113.1,NA,1554
NP_758492.2,Nup133,1555
XP_006501076.1,NA,1556
NP_032748.1,Npm1,1557
NP_031617.1,Calr,1558
XP_006515691.1,NA,1559
NP_033475.1; NP_035783.1,Tuba3b,1560
XP_006536217.1; NP_031484.1,Ap2a1,1561
NP_666242.2,Hnrnpa3,1562
XP_003945388.1,NA,1563
XP_006510030.1,NA,1564
NP_001192163.1,Nrxn2,1565
NP_001107037.1,Serbp1,1566
NP_001272969.1,Anks1,1567
NP_035846.1,Wfs1,1568
NP_058063.2,Pgrmc1,1569
NP_001074630.1,Fam171a1,1570
NP_653111.1,Rnf126,1571
XP_006520709.1,NA,1572
XP_006522692.1; XP_006522696.1,Dnm1l,1573
NP_034454.2,Got1,1574
XP_011248805.1,NA,1575
NP_001185752.1,App,1576
XP_006508267.1,Pgm2l1,1577
NP_033738.1,Actc1,1578
XP_017175650.1,NA,1579
NP_001033708.1,Dnm3,1580
NP_033299.1,Srp14,1581
XP_006497202.1,NA,1582
NP_033093.2,Ralbp1,1583
XP_011245678.1,Psd,1584
XP_006507602.1,Stx4a,1585
NP_666097.3,Arcn1,1586
NP_058556.1; NP_666219.1,Actr1a,1587
NP_033331.2,Syp,1588
NP_001278000.1; NP_032852.2,Pfkp,1589
NP_663486.2,Odr4,1590
NP_775617.1,Iws1,1591
NP_032267.1,Foxg1,1592
NP_033605.1,Slc30a1,1593
NP_033321.2; NP_001107041.1,Stxbp1,1594
XP_006530272.1,NA,1595
NP_033787.2,Aldoc,1596
XP_006514524.1; XP_006534321.1,Ap2b1,1597
NP_001092768.1,Scn2a,1598
NP_001293007.1,Itih1,1599
NP_031829.2,Cttn,1600
NP_001258334.1,Capzb,1601
NP_079834.2,Cyb5b,1602
XP_006513761.1,Syn3,1603
NP_444319.3,Naa15,1604
XP_006503607.1,Cdk14,1605
XP_006511771.1,NA,1606
NP_001239498.1,Serpina1a,1607
NP_001303251.1; NP_001129541.2,Ldhb,1608
NP_001028494.1,Gucy1a2,1609
NP_032766.2,Nsf,1610
NP_001074771.1; XP_011244253.1,Trio,1611
XP_006539970.1,NA,1612
NP_062364.3,Rala,1613
XP_006531074.1,Mtss2,1614
XP_006502918.1; XP_006517706.1,Pde4b,1615
XP_006521814.1,Crebbp,1616
NP_001139740.1,Pdgfrb,1617
XP_017169461.1,Ppfia2,1618
NP_058539.2,Atxn10,1619
NP_835220.1; XP_006535736.1,Agap1,1620
NP_001074681.1,Irs2,1621
NP_631888.1,Fus,1622
NP_001188320.1,Hbb-bs,1623
XP_011245024.1,Cul9,1624
NP_899131.1,Pon2,1625
NP_001074578.1,Lmtk2,1626
XP_006522973.1,NA,1627
XP_006506207.1,Srgap3,1628
NP_001334459.1,Rac1,1629
XP_006496437.1,Mfsd6,1630
XP_006530933.1,Cnot1,1631
NP_598487.1,St13,1632
NP_081264.1,Ptms,1633
NP_075700.2,Atp5md,1634
NP_032504.3,L1cam,1635
XP_006533746.1,NA,1636
XP_017172949.1,Pde10a,1637
NP_033022.1,Rab1a,1638
NP_001076444.1,Sdr39u1,1639
NP_034610.1,Hsp90aa1,1640
NP_064362.1; XP_006502128.1; XP_006501041.1,Dclk1,1641
NP_080669.1,Nmral1,1642
XP_006511700.1,Gnai2,1643
NP_033399.1,Tgm2,1644
NP_033826.2,Apoe,1645
NP_031953.1,Emd,1646
XP_006521590.1,Trappc9,1647
NP_034438.1; XP_006511700.1; NP_034435.1,Gnao1,1648
NP_033254.2,Snta1,1649
XP_006507596.1,Stim1,1650
NP_543129.3; NP_892038.2,Slc17a6,1651
XP_006508567.1; XP_006513953.1,Nap1l4,1652
NP_001277924.1; XP_006529218.1,Kif1b,1653
XP_006529737.1,Eif4e2,1654
NP_033851.1,Atp1b1,1655
NP_694697.3,Nomo1,1656
XP_011248822.1,NA,1657
NP_001160141.1,Gemin5,1658
XP_017172767.1,NA,1659
XP_006514638.1,Nipsnap1,1660
XP_006532572.1,NA,1661
XP_006515110.1,Asap2,1662
NP_001108135.1; XP_006524213.1,Plcl1,1663
NP_033475.1; NP_059075.1; NP_001029051.2; NP_035783.1; NP_033473.1,Tuba3b,1664
XP_017168097.1,NA,1665
NP_034236.2; NP_031932.1,Eef1a1,1666
NP_079924.2,Farsa,1667
NP_080788.1,Bphl,1668
XP_006496363.1,Tgfbrap1,1669
XP_006499655.1,Rtn4rl2,1670
XP_006532849.1,Skp1,1671
NP_034627.3,Idh1,1672
NP_033414.1,Tkt,1673
XP_006501076.1; NP_032191.2,Gria1,1674
NP_034743.3,Khsrp,1675
XP_006496938.1; XP_006498057.1,Rabgap1l,1676
NP_036167.1,Vat1,1677
NP_722476.1,Pygb,1678
NP_075679.2,Acin1,1679
NP_001318012.1; XP_006503732.1,Add1,1680
NP_666312.1,Eif3c,1681
NP_001032830.2,Gpx4,1682
NP_598479.1,Tmem30a,1683
XP_006537653.1; XP_006537650.1,Clta,1684
XP_006532404.1; NP_083033.1,Lasp1,1685
NP_034725.3; XP_006498875.1; XP_006501111.1,Kcna1,1686
XP_006525139.1,NA,1687
NP_598862.1,Psmd2,1688
NP_038631.1,Mt3,1689
NP_058082.2; NP_031509.1,Rhoa,1690
NP_081774.3,Sik3,1691
NP_082083.2,NA,1692
NP_084137.1,Cnrip1,1693
NP_001186222.1,Tex14,1694
XP_006510890.1,Myo5a,1695
XP_006496354.2; NP_031419.1; NP_033738.1,Cracdl,1696
XP_006523993.1,Sema6b,1697
NP_033477.2; NP_666228.1,Tubb4a,1698
NP_079845.1,Mgst3,1699
XP_011247072.1,Ksr1,1700
XP_011244620.1,Nrxn1,1701
NP_057910.3,Nes,1702
NP_001074718.1,Vcan,1703
XP_006518889.2,Fermt2,1704
XP_011243251.1,NA,1705
XP_006497645.1,Rapgef1,1706
NP_705740.1,Opalin,1707
NP_598911.1,Otub1,1708
NP_598410.2; XP_006500006.2,Slc12a6,1709
XP_006528639.1,NA,1710
NP_032086.1,Ganab,1711
XP_006500999.1,Bcan,1712
XP_011238486.1,NA,1713
XP_006503645.2,Pclo,1714
NP_001300863.1,Calm1,1715
NP_660254.1,Lgi3,1716
NP_001074968.1,Tbc1d8b,1717
NP_033444.1,Tpp2,1718
NP_032538.2,Lrp1,1719
XP_006535789.1,NA,1720
XP_003945495.1,NA,1721
NP_064382.3,Alg2,1722
XP_006497471.1,Etl4,1723
XP_006518770.1,Ppp3cb,1724
XP_006539628.1,Arhgef1,1725
NP_666319.2,Cul4a,1726
NP_849534.2,Atad3a,1727
NP_203534.1,Copb1,1728
NP_938037.2,Tmx3,1729
NP_666195.1,Srsf7,1730
NP_001276475.1,Amph,1731
NP_077754.3,Lap3,1732
NP_080832.1,Dynll2,1733
NP_001008423.2,Ccdc177,1734
NP_001116075.1,Fcgbp,1735
NP_663360.1,Mlf2,1736
XP_006532258.1,Gabra1,1737
XP_006541024.1,NA,1738
XP_006497180.1,NA,1739
NP_001004761.1,Gpr158,1740
XP_017177213.1; XP_006515829.1,Cep170b,1741
NP_032095.1; XP_011247028.1,Gabrb1,1742
XP_011246487.1; XP_017177455.1,Rph3a,1743
XP_006521906.1,Myh11,1744
NP_079793.2,Rtca,1745
XP_006497180.1; NP_598555.2,Qars,1746
NP_033989.2,Septin7,1747
XP_006539653.1,NA,1748
NP_062728.1,Tagln3,1749
XP_006515120.1,Trappc12,1750
NP_001161378.1,Cd101,1751
NP_001074488.1,Gm12657,1752
XP_006515705.1,Daam1,1753
NP_076092.1,Sfpq,1754
XP_006497714.2,NA,1755
XP_006517013.1,Diras2,1756
XP_017176862.1,NA,1757
NP_001034218.1,Hnrnpa1,1758
NP_598677.1,Eif3b,1759
XP_006513585.1,Eea1,1760
XP_006519704.1,NA,1761
NP_001028547.2,Washc4,1762
NP_001303601.1; NP_035232.1; NP_032881.1,Prkcb,1763
XP_006530014.1,NA,1764
NP_034725.3; XP_006501111.1,Kcna1,1765
NP_001258957.1,Arvcf,1766
NP_061346.2,Pebp1,1767
NP_031506.1,Arf5,1768
NP_032968.2,Npepps,1769
NP_001074658.1,Uprt,1770
NP_001028477.1,Ndufb6,1771
NP_033529.3,Vcp,1772
XP_006540792.1,Cyfip1,1773
NP_001298061.1,Akr1c20,1774
XP_006530414.1,Hectd4,1775
XP_006526252.1,NA,1776
NP_001074778.1,Pik3r4,1777
NP_031476.3; NP_031477.1,Slc25a4,1778
XP_011238578.1,Rapgef2,1779
NP_035658.1,Taldo1,1780
XP_006508567.1,Nap1l4,1781
XP_006499403.1,Dlgap4,1782
NP_033784.2,Alb,1783
NP_038913.1,Clic4,1784
XP_006515635.2,Numb,1785
XP_006540927.1,Shank1,1786
XP_006530149.1,Zc2hc1a,1787
NP_001333564.1,Camk2d,1788
NP_598912.4,NA,1789
NP_835585.3; NP_034566.1,H2ac21,1790
XP_011247832.1; XP_006532697.1,NA,1791
NP_031690.3,Cdh2,1792
NP_067490.1,Ak1,1793
NP_081406.1,Afg3l2,1794
XP_006516587.1,NA,1795
XP_017173108.1,NA,1796
NP_038674.1,Rora,1797
NP_001154885.1,Slc3a2,1798
XP_011248822.1; NP_659149.1; NP_848492.1,Atp1a1,1799
XP_017170015.1,Slc13a5,1800
XP_011246317.1,Nfasc,1801
NP_032095.1,Gabrb1,1802
NP_034538.2,Hcn1,1803
NP_035845.1,Wdr1,1804
NP_084212.2,Ddx10,1805
XP_017175466.1,Gnb1,1806
XP_011237828.1,D430041D05Rik,1807
NP_067499.2,Nampt,1808
NP_001103612.1,Cul4b,1809
XP_011246375.1,Zc3h11a,1810
XP_006515574.1,Mark3,1811
XP_011244936.1,NA,1812
NP_997508.1; NP_083093.2,Acsl4,1813
NP_001159723.1,Mgll,1814
NP_032328.2,Hsp90ab1,1815
NP_035614.1,Stam,1816
NP_001077424.1,Hba-a2,1817
XP_006509325.2,Acsl1,1818
XP_006521461.1,Ppp6r2,1819
XP_006507331.1; NP_001103610.1,Atp2a2,1820
NP_918950.2,D630045J12Rik,1821
NP_001275547.1,Crhr2,1822
NP_766300.1,Uba6,1823
NP_035783.1; NP_033473.1,Tuba1a,1824
XP_001476757.1,NA,1825
NP_115769.1; NP_032660.2,Map1a,1826
NP_001034443.1,Lin7a,1827
XP_017170934.1,NA,1828
XP_006506635.1,Scrn1,1829
XP_006502219.1,NA,1830
XP_006538266.1,NA,1831
NP_035482.1,Sema7a,1832
XP_006515962.1,Gphn,1833
XP_006511383.1,NA,1834
NP_766145.1,Rufy1,1835
NP_444473.1,Prss1,1836
NP_035823.3,Vcam1,1837
NP_062768.1,Dnaja2,1838
NP_001303601.1; NP_035232.1; NP_032881.1; NP_035231.2,Prkcb,1839
NP_079974.1,Tmed7,1840
XP_006504351.1,Rimbp2,1841
XP_011240715.1; XP_006510130.1,Ncam1,1842
NP_079590.1,Dtd1,1843
NP_079858.2,Prxl2b,1844
NP_033475.1; NP_035783.1; NP_033473.1,Tuba3b,1845
NP_598879.1,Tecr,1846
NP_080287.1,Arl8b,1847
XP_006500944.1; XP_006509052.1; XP_011241592.1; XP_006500948.1; XP_017174914.1,Ank1,1848
XP_006526272.1,Spire1,1849
NP_032470.3; NP_032471.2,Kif3b,1850
XP_017170110.1; NP_001186065.1,Dst,1851
NP_034053.2,Cnp,1852
NP_776095.2,Tmem87a,1853
NP_659037.2,Hectd1,1854
NP_001034178.1,Sel1l,1855
XP_006538538.1,Rap1gap,1856
NP_032471.2,Kif3c,1857
NP_705797.1,Gak,1858
NP_033785.1,Alcam,1859
XP_006514571.1,Ewsr1,1860
NP_033536.2,Ezr,1861
NP_035351.1,Purb,1862
XP_006529425.1,Cntn2,1863
XP_006512447.1,Clasp2,1864
NP_001104485.1; XP_006513761.1,Syn2,1865
XP_011244107.1,Adcy9,1866
NP_080414.2,Soga3,1867
XP_006505433.1; XP_006518993.1,Erc1,1868
XP_006519357.1,NA,1869
XP_017175673.1,NA,1870
NP_751893.3,Irak2,1871
XP_006518569.1; XP_006511903.1,NA,1872
XP_006500572.1,NA,1873
NP_062378.1,Dgke,1874
XP_011243274.1,NA,1875
XP_006520332.1,Adgrb1,1876
NP_001139374.1,Arhgap1,1877
XP_006540252.1,NA,1878
NP_064659.2,Cacna2d2,1879
XP_006498876.1,Kif16b,1880
XP_006500444.1,NA,1881
NP_079958.3,Pspc1,1882
XP_006538281.1; XP_006512989.1,Toporsl,1883
NP_666228.1,Tubb4b,1884
XP_017169356.1; XP_017169355.1,NA,1885
XP_017175847.1,NA,1886
NP_080120.1,Chordc1,1887
NP_031978.2,Pdia3,1888
XP_006510644.1,Anln,1889
XP_006510704.1,NA,1890
NP_001278384.1,Dpysl3,1891
XP_006495817.1,Map2,1892
NP_032857.1,Phb,1893
XP_006532556.1,Septin4,1894
NP_071290.1,Fxyd7,1895
XP_006515129.1,NA,1896
NP_001028339.1,Slc22a23,1897
NP_057925.1,Cul3,1898
NP_001095900.1,Arfgef1,1899
NP_081676.1,Lman1,1900
XP_006500944.1; XP_006500948.1; XP_017174914.1,NA,1901
NP_001333689.1,Clint1,1902
NP_032157.2,Glul,1903
NP_075766.1,Jam3,1904
XP_006516531.1,Chrm3,1905
NP_082165.1,Vps11,1906
NP_075373.1,Vps35,1907
NP_031412.2,Aco1,1908
NP_079627.3,Chchd6,1909
NP_821170.1,Vps26b,1910
NP_666269.2,Emc1,1911
NP_001298060.1,Ube2v1,1912
NP_001185927.1,Vdac3,1913
NP_083146.1,Cltb,1914
XP_006497972.1,NA,1915
XP_006517368.1,Dbn1,1916
XP_006515832.1,Pacs2,1917
XP_006495819.1,Map2,1918
XP_017173986.1,NA,1919
XP_011248822.1; NP_848492.1,Atp1a2,1920
NP_080357.4,Gprasp1,1921
XP_006510497.1,Opcml,1922
XP_006510125.1; XP_011240715.1; XP_006510130.1,Ncam1,1923
XP_006518087.1; XP_006518088.1,Cadps,1924
XP_006525007.1,Ranbp3,1925
NP_058556.1,Actr1a,1926
NP_031815.2,Ncan,1927
XP_017169989.1,NA,1928
NP_848140.3,Ylpm1,1929
XP_017177169.1,NA,1930
NP_598613.2,NA,1931
XP_006525979.1,Dmxl1,1932
NP_001029051.2; NP_035783.1; NP_033473.1,Tubal3,1933
NP_001263326.1,Ube2d2b,1934
XP_006527763.1,Wdr44,1935
XP_006520664.1,Pfkm,1936
XP_006521906.1; NP_071855.2,Myh11,1937
NP_001159496.1,Arfgap2,1938
XP_006534990.1,NA,1939
NP_057885.1,Rab10,1940
XP_006532924.1,Tom1l2,1941
NP_035286.1,Prep,1942
XP_006530606.1,Enkd1,1943
NP_848729.1,Samm50,1944
NP_001277747.1,Grk2,1945
XP_006497712.2; XP_006497714.2,Dnm1,1946
NP_001192274.1,Sun2,1947
NP_081169.2,Dcaf12,1948
NP_083949.2; NP_001240610.1,Immt,1949
NP_058025.2; NP_001103610.1,Atp2a3,1950
NP_473398.1,Plpbp,1951
NP_001078964.1; NP_001095900.1,Arfgef2,1952
NP_033483.2,Uba1,1953
XP_006498053.1,Gsn,1954
XP_011247755.1,NA,1955
XP_006501076.1; NP_001106651.1; NP_001277380.1; NP_032191.2,Gria1,1956
NP_083146.1; NP_001334441.1,Cltb,1957
XP_006501676.1,Trim46,1958
NP_034948.3,Cd200,1959
NP_932135.1,Abr,1960
NP_033970.3,Cct8,1961
NP_067248.1,Ckb,1962
NP_001159374.1,Ctnnb1,1963
XP_006526704.1,Mark2,1964
XP_006500944.1; XP_011241592.1; XP_006500948.1; XP_017174914.1,NA,1965
NP_001229307.1,Slc4a10,1966
XP_017171979.1,NA,1967
XP_006522510.1,Ppil2,1968
XP_011248822.1; NP_001277556.1; NP_659149.1; NP_848492.1,Atp4a,1969
NP_001104610.1,Lrrc10b,1970
XP_006515998.1,Golga5,1971
XP_006525967.1,Jcad,1972
XP_011246764.1,Smpd3,1973
XP_006523669.1,NA,1974
XP_006512989.1,Stxbp5,1975
NP_032880.1,Prkaca,1976
NP_081546.1,Exoc1,1977
NP_033476.1; NP_033477.2; NP_035785.1; NP_666228.1; NP_076205.1,Tubb2a,1978
NP_001005424.2,Ajm1,1979
NP_033534.2,Slc32a1,1980
NP_080066.1,Acot13,1981
XP_006528111.1,Bcap31,1982
NP_001013385.3,Prkaa1,1983
XP_006507327.1,Ate1,1984
XP_006533740.1,Mink1,1985
NP_038535.2,Eif4g2,1986
XP_017169171.1,NA,1987
XP_006522994.1,Itsn1,1988
XP_006520461.1,NA,1989
XP_017172096.1,NA,1990
XP_006525925.1,Rell2,1991
NP_035530.2,Slc2a1,1992
NP_080451.4,Sf3a1,1993
NP_758473.3,Vps18,1994
XP_017170155.1,Srcin1,1995
NP_081902.1,Psd3,1996
NP_001164481.1,Slc14a1,1997
XP_006510947.1,NA,1998
XP_017170323.1,Myh10,1999
NP_001153791.1,Ubr4,2000
XP_006529468.1,Rab3gap1,2001
XP_017170323.1; NP_071855.2,Myh10,2002
NP_001033726.1,Gng2,2003
NP_075822.3,2210010C04Rik,2004
NP_033465.1,Psmd3,2005
NP_034566.1,H2ax,2006
NP_033967.1,Cct4,2007
NP_076341.1,Rab3c,2008
XP_006501414.1,Pbxip1,2009
NP_082474.1,Xpo5,2010
NP_076157.2,Ndel1,2011
NP_062672.2,Aldh18a1,2012
XP_011240705.1,Ilf3,2013
XP_006497872.1,Sptan1,2014
NP_001035195.1,Aak1,2015
NP_001136437.1,Frrs1l,2016
XP_006527799.1,Ogt,2017
XP_006502410.1; XP_006501582.1,Lrba,2018
NP_031933.1,Eef2,2019
NP_001107041.1,Stxbp1,2020
NP_001129530.1; NP_031791.3; NP_036123.3,Crmp1,2021
XP_017170323.1; XP_006521906.1; NP_071855.2; NP_001258467.1,Myh10,2022
NP_001104301.1,Dnpep,2023
NP_690014.2,NA,2024
NP_918943.1,Rtn4,2025
NP_036168.1,Vsnl1,2026
NP_067399.2,Nectin1,2027
NP_001304282.1,Lamp1,2028
XP_006521998.1,Eif4g1,2029
XP_006509666.1; NP_076341.1; NP_076026.1,Rab3c,2030
XP_006529895.1,Camsap2,2031
XP_006527892.1,Gk,2032
NP_031419.1,Actb,2033
XP_006500539.1,Tm9sf4,2034
NP_803155.1,Psat1,2035
NP_808263.2,Mkx,2036
XP_006523032.1,NA,2037
XP_006529983.1,Clasp1,2038
NP_001070963.1,Pik3r1,2039
XP_017172452.1,Golgb1,2040
XP_006500970.1,Rap1a,2041
NP_783592.1; NP_034566.1,H2ac10,2042
XP_011246696.1,Vat1l,2043
NP_444500.1,NA,2044
NP_082270.1,Cand1,2045
XP_006506892.1,Hnrnpf,2046
NP_082812.1,Ccsap,2047
XP_011240298.1,Ppfia1,2048
NP_084385.2,Sf3b2,2049
XP_011246904.1,Cpt1a,2050
NP_001034089.1,Kif5a,2051
NP_034068.3,Copa,2052
NP_780367.2,Utp20,2053
NP_033801.4,Ankfy1,2054
NP_001039272.1,Rbm15,2055
NP_033056.2,Rbbp4,2056
NP_598648.1,Stx12,2057
NP_031419.1; NP_033738.1,Actb,2058
NP_081744.1,Cpm,2059
NP_001004436.2,Wapl,2060
XP_017170323.1; XP_006521906.1,Myh10,2061
XP_006498771.1,Epb41l1,2062
NP_058541.2,Acrbp,2063
NP_598770.1,Ncln,2064
NP_064351.2,Brinp1,2065
NP_031663.1,Cct5,2066
XP_006501080.1,NA,2067
NP_075768.1; NP_080749.2,Tubb3,2068
XP_006535185.1,Sgsm1,2069
NP_001104774.1,Tbc1d9,2070
NP_997508.1,Acsl4,2071
XP_017176860.1,NA,2072
NP_080163.1,Rab5a,2073
NP_034443.1,Gnb5,2074
NP_937813.3,Szt2,2075
NP_001074654.1,Flnc,2076
NP_780408.1,Hspa12a,2077
NP_067501.2,Psmd14,2078
NP_957678.1,Lrrc47,2079
NP_766614.2,Zbtb11,2080
XP_006514493.1,Xpo1,2081
NP_033991.1; NP_001230698.1,Cdc42,2082
NP_081770.3,Zcchc8,2083
NP_038571.2,H2-Ke6,2084
XP_006498283.1,Tsc1,2085
XP_006535000.1,NA,2086
XP_011243641.1,Pabpc1,2087
XP_006520447.1,NA,2088
NP_001094980.1,Susd5,2089
NP_001333564.1; XP_006514527.1; XP_017169728.1,Camk2d,2090
NP_031914.3,Dvl2,2091
XP_006535597.1,NA,2092
XP_017169402.1,NA,2093
NP_032858.2,Phka1,2094
XP_006520059.1,Nipbl,2095
NP_032474.2; NP_032475.2; NP_001034089.1,Kif5b,2096
NP_076054.1,Cse1l,2097
XP_006531456.1,NA,2098
XP_006537650.1,Clta,2099
NP_058093.2,Nxf1,2100
NP_598811.3,Rab15,2101
XP_011236989.1,Atg9a,2102
NP_001303601.1; NP_032881.1,Prkcb,2103
NP_032707.2,Ndrg1,2104
XP_006513030.1,Cbarp,2105
XP_006524199.1,Tmem63b,2106
XP_006535509.1,Bltp1,2107
XP_006503041.1,NA,2108
NP_758483.1,Mark4,2109
NP_061349.3,Slc1a4,2110
NP_071705.3,Hspa5,2111
NP_663506.2,Spg11,2112
NP_077133.1,Sec61b,2113
NP_001152793.1,Grid2ip,2114
NP_001240610.1,Immt,2115
XP_011247812.1,NA,2116
XP_006502996.1,Ybx1,2117
XP_006500743.1,NA,2118
NP_032474.2,Kif5b,2119
XP_006510356.1,NA,2120
NP_035761.1,Hsp90b1,2121
XP_006502410.1,Lrba,2122
NP_694698.3,Mapre2,2123
NP_031932.1,Eef1a2,2124
NP_001303296.1,Map2k4,2125
XP_006499049.1,Sirpa,2126
NP_690037.1,Rbm17,2127
XP_006502758.1; XP_006517009.1,Cap2,2128
XP_006534084.1,NA,2129
NP_001177281.1,Tmem132b,2130
NP_064362.1,Dclk1,2131
XP_006497793.1,NA,2132
NP_659134.1,BC005624,2133
NP_035345.2,Ptprn2,2134
NP_062755.1,Pex14,2135
NP_598649.1,Smpdl3b,2136
NP_062689.2,Kcmf1,2137
NP_033477.2,Tubb4a,2138
XP_006516912.2,Sfxn1,2139
NP_079580.2,Lcmt1,2140
XP_006537571.1,Zkscan16,2141
NP_542764.2,Rem2,2142
NP_001273317.1,Trim9,2143
XP_006520478.1,Ptk2,2144
XP_011238061.1,Rpap1,2145
NP_001334438.1,Nol4,2146
NP_081095.2,Dhrs1,2147
NP_067320.2,Hacd3,2148
NP_666252.1,Tram1l1,2149
NP_059075.1; NP_033473.1,Tuba8,2150
XP_006500515.1,NA,2151
NP_001074510.1,Vps51,2152
NP_080306.1,Eif2s2,2153
NP_001129530.1; NP_031791.3,Crmp1,2154
NP_001028345.1,Usp31,2155
XP_006513549.1,Plppr3,2156
XP_006517009.1,Cap2,2157
NP_848140.3; NP_034053.2,Ylpm1,2158
XP_006496385.1,Raph1,2159
NP_058082.2,Rhoa,2160
NP_001103455.1,Nos1ap,2161
NP_001036820.2,Map6,2162
XP_006537659.1,Cntfr,2163
NP_035868.1; NP_061359.2,Ywhah,2164
NP_001104485.1; NP_038708.3,Syn2,2165
NP_081420.2,Arhgef12,2166
XP_006501111.1,NA,2167
XP_006496380.1,NA,2168
XP_006534273.1,Spag9,2169
XP_006513389.1,NA,2170
XP_017170323.1; XP_006521906.1; NP_071855.2,Myh10,2171
NP_071855.2,Myh9,2172
NP_058079.2,Srrm1,2173
NP_031502.1,Arf1,2174
NP_034608.2,Hspa1b,2175
NP_001007575.2,NA,2176
XP_011238593.1,Ntng1,2177
NP_001292909.1,Diaph1,2178
XP_017169356.1,NA,2179
NP_038961.2; NP_062780.2,Vapa,2180
NP_082727.1,Larp1,2181
NP_113550.3,Ogfr,2182
NP_766307.2,Gcn1,2183
NP_035164.1,Prdx1,2184
NP_032165.3,Gnaq,2185
XP_006514995.1,Adcy3,2186
XP_006500191.1,Manbal,2187
XP_006497689.1,Cacna1b,2188
NP_001075953.1,Snx27,2189
NP_997591.1,Syngr1,2190
NP_032974.2,Psmc3,2191
NP_075023.2,Slc30a5,2192
NP_084248.2,Ermn,2193
XP_011246635.1,NA,2194
NP_001028327.1,Dnajb14,2195
NP_080113.1,Mpi,2196
